id,x_studio_id_woocommerce,x_studio_refc,x_studio_user_login,first_name,last_name,email,x_studio_date_enregistrement,phone,x_studio_source,company_type,category_id,type
,5189,R5189AC23,a.colignon,Alain,Colignon,a.colignon@skynet.be,"2023-09-18 14:05:52",0499800454,PLFR,Particulier,Utilisateur,Contact
,5351,R5351YS23,aliceetcooper,Yves,SANGLIER,aliceetcooper@hotmil.com,"2023-12-21 07:04:28",32495464541,PLFR,Particulier,Utilisateur,Contact
,5328,R5328AG23,alphonse.gallet,Alphonse,Gallet,gallet.alphonse@skynet.be,"2023-12-03 09:41:21",0474210354,PLFR,Particulier,Utilisateur,Contact
,5255,R5255AL23,amelie.lays,Amelie,Lays,amelie.lays@hotmail.com,"2023-10-26 14:53:18",0492547455,PLFR,Particulier,Utilisateur,Contact
__import__.contactsfr_emh_231002_00146,5174,R5174AJ23,amine.jebara,Amine,Jebara,jeb_amin88@outlook.fr,"2023-09-12 00:00:00",0486669629,PLFR,Particulier,Utilisateur,Contact
,5335,R5335AB23,ana.barbosa,Ana,Barbosa,ana.tormes@gmail.com,"2023-12-07 12:56:27",0032471652409,PLFR,Particulier,Utilisateur,Contact
,5299,,anais.debroux,Anaïs,Debroux,nanadebroux@outlook.be,"2023-11-20 16:41:27",0490199287,PLFR,Particulier,Utilisateur,Contact
,5369,,anais.jachacek,Anais,Jachacek,anais.michael95@gmail.com,"2023-12-30 10:57:49",0479163698,PLFR,Particulier,Utilisateur,Contact
,5306,R5306AB23,anne,ANNE,BOSERET,anne@dossin.be,"2023-11-23 09:14:01",081460288,PLFR,Particulier,Utilisateur,Contact
,5244,R5244AB23,anne.besure,Anne,Besure,les5starck@gmail.com,"2023-10-20 17:55:13",0471054498,PLFR,Particulier,Utilisateur,Contact
,5248,R5248AR23,anton.roth,Anton,Roth,antonroth@gmail.com,"2023-10-23 10:03:41",0499969504,PLFR,Particulier,Utilisateur,Contact
,5246,R5246AB23,arnaud.baltus,Arnaud,Baltus,factures.calteaux@hotmail.com,"2023-10-21 17:18:05",0456256129,PLFR,Particulier,Utilisateur,Contact
,5339,R5339AJ23,arnaud.jullien,Arnaud,Jullien,jullienarnaudjullien@gmail.com,"2023-12-10 15:36:01",0483007544,PLFR,Particulier,Utilisateur,Contact
,5209,,arnaud.meert,Arnaud,Meert,arnaud_lm@outlook.fr,"2023-09-26 12:20:25","0477 82 01 42",PLFR,Particulier,Utilisateur,Contact
,5309,R5309AG23,audrey.gerard,Audrey,Gerard,audrey.gerard90@gmail.com,"2023-11-24 13:37:48",0499427961,PLFR,Particulier,Utilisateur,Contact
,5355,R5355JB23,belairebodart,Jennifer,Belaire,belairebodart@hotmail.fr,"2023-12-22 13:37:29",0496497903,PLFR,Particulier,Utilisateur,Contact
,5311,R5311BF23,benoit.faber,Benoît,Faber,Bfaber_13@yahoo.com,"2023-11-26 18:17:05",0477333166,PLFR,Particulier,Utilisateur,Contact
,5332,R5332BO23,berardis.olivier,BERARDIS,OLIVIER,olivier.berardis@gmail.com,"2023-12-04 18:45:37",0471600481,PLFR,Particulier,Utilisateur,Contact
,5308,,biancanad53,,,biancanad53@gmail.com,"2023-11-24 08:31:21",,PLFR,Particulier,Utilisateur,Contact
,5227,R5227BB23,bob.bessad,BOB,BESSAD,esboost@yahoo.com,"2023-10-12 12:40:59",0475838629,PLFR,Particulier,Utilisateur,Contact
,5253,R5253BI23,brendan.ingeveld,Brendan,Ingeveld,ingeveldbrendan@gmail.com,"2023-10-26 07:53:21",0472530076,PLFR,Particulier,Utilisateur,Contact
,5338,,brieuc.delvaulx,Brieuc,Delvaulx,delvaulxbrieuc@gmail.com,"2023-12-08 18:06:37",0479779439,PLFR,Particulier,Utilisateur,Contact
,5321,R5321BV23,"bruno.van coppenolle",Bruno,"Van Coppenolle",brunovanco+ppellet@hotmail.com,"2023-11-28 19:48:52",32475515275,PLFR,Particulier,Utilisateur,Contact
,5249,R5249BJ23,bryan.jacoby,Bryan,Jacoby,jacobybryan94@gmail.com,"2023-10-23 16:42:19",0492504171,PLFR,Particulier,Utilisateur,Contact
,5205,,cammarata.abighail,,,Cammarata.abighail@gmail.com,"2023-09-24 18:38:07",,PLFR,Particulier,Utilisateur,Contact
,5230,,canonne.angelique,Canonne,Angelique,angeliquecanonne5205@gmail.com,"2023-10-13 16:19:19",0493383272,PLFR,Particulier,Utilisateur,Contact
,5210,,capoboy,David,Boi,capoboy@gmail.com,"2023-09-28 20:11:51",'+32497496523,PLFR,Particulier,Utilisateur,Contact
,5353,R5353CD23,caroline.delwiche,Caroline,Delwiche,delwiche.caroline@gmail.com,"2023-12-22 09:21:08",0493941487,PLFR,Particulier,Utilisateur,Contact
,5294,R5294CV23,cathyvanpamel,Cathy,"Van Pamel",cathyvanpamel@hotmail.com,"2023-11-17 16:43:29",0475897551,PLFR,Particulier,Utilisateur,Contact
,5281,R5281CG23,cedric.gerard,Cédric,Gérard,cedric.gerard.07@gmail.com,"2023-11-12 06:26:01",0476629928,PLFR,Particulier,Utilisateur,Contact
__import__.contactsfr_emh_231002_00623,5142,R5142CR23,celia.roblain,Celia,Roblain,cliaa@hotmail.be,"2023-12-27 12:38:59",0499133827,PLFR,Particulier,Utilisateur,Contact
,5194,R5194CD23,christophe.delangue,Christophe,Delangue,christophedelangue@hotmail.com,"2023-09-20 01:40:36",0486852865,PLFR,Particulier,Utilisateur,Contact
,5341,R5341CP23,christophe.poot,Christophe,Poot,info@brocantedunoyer.com,"2023-12-11 12:56:36",027366898,PLFR,Particulier,Utilisateur,Contact
,5368,,"christopher.de groote",Christopher,"De groote",titan6001.chris@gmail.com,"2023-12-30 10:08:15",0455112878,PLFR,Particulier,Utilisateur,Contact
,5218,,christophe_belle,,,christophe_belle@hotmail.com,"2023-10-05 21:27:38",,PLFR,Particulier,Utilisateur,Contact
,5290,R5290CJ23,cindy.jourquin,Cindy,Jourquin,Cindyjourquin@msn.com,"2023-11-16 12:42:04",0496111861,PLFR,Particulier,Utilisateur,Contact
,5295,,claude.bodson,,,claude.bodson@skynet.be,"2023-11-19 15:08:12",,PLFR,Particulier,Utilisateur,Contact
,5302,R5302CV23,claudine.vercleven,Claudine,Vercleven,claudine.vercleven@hotmail.com,"2023-11-21 15:51:42",0492200503,PLFR,Particulier,Utilisateur,Contact
,5243,,cyril.crispyn,Cyril,Crispyn,cyrilgs5620@gmail.com,"2023-10-20 13:29:31",0472067660,PLFR,Particulier,Utilisateur,Contact
,5314,,damien.mommens,Damien,Mommens,mdisolation@gmail.com,"2023-11-27 15:07:49",0493870136,PLFR,Particulier,Utilisateur,Contact
,5365,R5365DP23,danny.platteau,Danny,Platteau,danny.platteau@telenet.be,"2023-12-28 12:33:45",0473746326,PLFR,Particulier,Utilisateur,Contact
,5282,R5282JD23,denisjm,jean-marc,denis,denisjm@skynet.be,"2023-11-12 07:32:12",0495549706,PLFR,Particulier,Utilisateur,Contact
,5261,,"derbillia gerard.hamama bodin","derbillia gerard","hamama bodin",gerardbodin@laposte.net,"2023-10-31 08:33:40",0672766436,PLFR,Particulier,Utilisateur,Contact
__import__.contactsfr_emh_231002_00981,4983,,deville.benois,,,deville.benois@gmail.com,"2023-12-27 12:39:31",,PLFR,Particulier,Utilisateur,Contact
,5362,,dominique.gobert.5580,,,dominique.gobert.5580@gmail.com,"2023-12-25 19:01:28",'+32494204875,PLFR,Particulier,Utilisateur,Contact
,5345,R5345DN23,dominique.nothomb,dominique,nothomb,Dominiquenothomb@msn.com,"2023-12-15 12:31:59",32471501802,PLFR,Particulier,Utilisateur,Contact
,5307,R5307DG23,dylan.goffar,Dylan,Goffar,dylangoffar@gmail.com,"2023-11-23 12:02:05",0491748434,PLFR,Particulier,Utilisateur,Contact
,5191,,dylan.marinne,dylan,Marinne,marinne.dylan@gmail.com,"2023-09-19 08:27:07",0479068450,PLFR,Particulier,Utilisateur,Contact
,5214,R5214EG23,eleonore.garcia,Eleonore,Garcia,eleonoregarcia24@gmail.com,"2023-10-02 14:49:36",0033678879370,PLFR,Particulier,Utilisateur,Contact
,5184,R5184EL23,ellen.lievens,ellen,lievens,ellen_lievens@hotmail.com,"2023-09-17 09:11:05",32491228444,PLFR,Particulier,Utilisateur,Contact
,5285,,emilie.turlot,Emilie,Turlot,Kyliancyllian@live.be,"2023-11-13 16:22:59",0498843955,PLFR,Particulier,Utilisateur,Contact
,5240,R5240FS23,fanny.sluse,Fanny,Sluse,fannysluse@hotmail.be,"2023-10-18 14:06:29",0032479831827,PLFR,Particulier,Utilisateur,Contact
,5263,R5263FH23,farid.hassaini,FARID,HASSAINI,faridhassaini7130@gmail.com,"2023-10-31 11:14:49",0488319216,PLFR,Particulier,Utilisateur,Contact
,5340,,fatima.harrouchy,Fatima,Harrouchy,yasminn02@hotmail.com,"2023-12-11 07:03:36",0472878870,PLFR,Particulier,Utilisateur,Contact
,5247,,fb376749,Michaël,Perat,fb376749@skynet.be,"2023-10-23 08:39:43",,PLFR,Particulier,Utilisateur,Contact
,5207,,finarabary,fina,rabary,finarabary@gmail.com,"2023-09-25 07:25:48",0348675430,PLFR,Particulier,Utilisateur,Contact
,5358,R5358FL23,flproductions.be,Frank,Lambrecht,info@flproductions.be,"2023-12-23 08:21:50",'+32486519486,PLFR,Particulier,Utilisateur,Contact
,5204,R5204FL23,francesco.laucci,Francesco,Laucci,f.laucci@yahoo.it,"2023-09-24 07:07:26",0487840749,PLFR,Particulier,Utilisateur,Contact
,5188,R5188FC23,francis.cantraine,Francis,Cantraine,francis.cantraine@gmail.com,"2023-09-18 13:50:19",0032475283983,PLFR,Particulier,Utilisateur,Contact
,5208,R5208FD23,francoisdeum,Francois,Deum,francoisdeum@msn.com,"2023-09-25 08:44:22",32497022340,PLFR,Particulier,Utilisateur,Contact
,5266,,gael.beeckman,Gaël,Beeckman,beeckmanmarinegael@gmail.com,"2023-11-02 14:01:02",0492248475,PLFR,Particulier,Utilisateur,Contact
__import__.contactsfr_emh_231002_01452,5115,,geoffrey.ciamarra,Geoffrey,Ciamarra,geoffreyciamarra@gmail.com,"2023-12-27 12:39:06","0032 493920484",PLFR,Particulier,Utilisateur,Contact
,5224,,georges.timmerman.joris,,,georges.timmerman.joris@gmail.com,"2023-10-11 08:06:49",,PLFR,Particulier,Utilisateur,Contact
__import__.contactsfr_emh_231002_01468,5023,,georges.vervloesem,Georges,Vervloesem,georges1959@msn.com,"2023-12-27 12:39:06",0477447130,PLFR,Particulier,Utilisateur,Contact
,5268,,gerard.mesnier161158,,,gerard.mesnier161158@gmail.com,"2023-11-05 09:35:40",,PLFR,Particulier,Utilisateur,Contact
,5211,R5211GD23,gilles.degols,Gilles,Degols,gilles@degols.net,"2023-09-29 11:35:06",0499267813,PLFR,Particulier,Utilisateur,Contact
,5213,R5213GB23,giuseppe.bronda,Giuseppe,Bronda,bg0496@gmail.com,"2023-09-30 10:54:04",0477212066,PLFR,Particulier,Utilisateur,Contact
,5283,R5283GD23,gloria.delannoy,Gloria,Delannoy,delannoy.gloria8809@gmail.com,"2023-11-12 10:18:53",0472252540,PLFR,Particulier,Utilisateur,Contact
,5305,R5305GD23,gregory.delval,Gregory,Delval,g.delval@thomas-piron.eu,"2023-11-22 17:35:44",0474744504,PLFR,Particulier,Utilisateur,Contact
,5195,R5195GG23,"gregory.garcia duro",Gregory,"Garcia Duro",goyo3105@live.be,"2023-09-20 17:46:35",32468245334,PLFR,Particulier,Utilisateur,Contact
,5337,,gregory.locq,Gregory,Locq,gregorylocq@gmail.com,"2023-12-08 09:30:56",0471572080,PLFR,Particulier,Utilisateur,Contact
,5320,R5320GM23,griet.monteyne,Griet,Monteyne,grietmonteyne@gmail.com,"2023-11-28 19:20:07",0495363603,PLFR,Particulier,Utilisateur,Contact
,5202,R5202HL23,helene.lagaditis,Hélène,LAGADITIS,hlagaditis@hotmail.com,"2023-09-23 11:14:29",0032479787048,PLFR,Particulier,Utilisateur,Contact
,5206,,hendrick.bradon,Hendrick,Bradon,michel12101958@htmail.be,"2023-09-24 20:30:52",0471561408,PLFR,Particulier,Utilisateur,Contact
,5276,,herimiantsaandriamasyravelojao,,,herimiantsaandriamasyravelojao@gmail.com,"2023-11-07 11:20:11",,PLFR,Particulier,Utilisateur,Contact
__import__.contactsfr_emh_231002_01646,5168,,houria.amrani-4078,Houria,Amrani,amrani1976houria@gmail.com,"2023-12-27 12:39:08",0487616012,PLFR,Particulier,Utilisateur,Contact
,5229,R5229HJ23,hubert.janssen,Hubert,Janssen,hubert.janssen@skynet.be,"2023-10-13 14:25:50","0474 261512",PLFR,Particulier,Utilisateur,Contact
,5298,R5298HV23,hugues.vandegaer,Hugues,Vandegaer,hvg-cgo@hotmail.com,"2023-11-20 15:05:22",0032479067803,PLFR,Particulier,Utilisateur,Contact
,5262,R5262IB23,isabella.bonaffini,Isabella,Bonaffini,isabonaffini@hotmail.com,"2023-10-31 10:26:05",32485647119,PLFR,Particulier,Utilisateur,Contact
,5193,,isabelle.moureau,Isabelle,Moureau,zaza@docteur5-40.be,"2023-09-19 15:22:22","0472 41 95 45",PLFR,Particulier,Utilisateur,Contact
,5287,R5287JD23,jacques.depinois,Jacques,Depinois,jacquesdepinois@gmail.com,"2023-11-15 12:09:14",0475408456,PLFR,Particulier,Utilisateur,Contact
,5197,,jacques.menestret,Jacques,Ménestret,jacques.menestret@skynet.be,"2023-09-21 09:05:42",0475733563,PLFR,Particulier,Utilisateur,Contact
,5300,,jan,,,jan@hci.be,"2023-11-21 13:48:41",,PLFR,Particulier,Utilisateur,Contact
,5198,R5198JD23,"jean charles.debucquois","Jean charles",Debucquois,jcdebucquois@skynet.be,"2023-09-22 08:32:24",0475454333,PLFR,Particulier,Utilisateur,Contact
,5297,R5297JC23,"jean marie.crevecoeur","Jean Marie",Crevecoeur,jmcrevecoeur@gmail.com,"2023-11-20 11:40:36",0475921442,PLFR,Particulier,Utilisateur,Contact
,5219,R5219JC23,jean-noel.chamart,Jean-Noël,Chamart,jnchamart@gmail.com,"2023-10-09 10:53:33",0494277266,PLFR,Particulier,Utilisateur,Contact
,5315,R5315JD23,"jean-pierre.de groof",Jean-Pierre,"De Groof",j-p.degroof@skynet.be,"2023-11-27 15:44:20",0472052573,PLFR,Particulier,Utilisateur,Contact
,5357,R5357JG23,jean.groetembril,Jean,Groetembril,jeangroetembril@hotmail.com,"2023-12-22 13:47:06",0485849321,PLFR,Particulier,Utilisateur,Contact
__import__.contactsfr_emh_231002_01762,1521,HABJ,jean.habaru,Jean,Habaru,jean.habaru@gmail.com,"2023-12-27 12:39:09",0492577266,PLFR,Particulier,Utilisateur,Contact
,5236,R5236JV23,jeanpaul.vandenbossche,Jean-Paul,"Van den Bossche",jeanpaul.vandenbossche@telenet.be,"2023-10-17 08:19:03",32475450146,PLFR,Particulier,Utilisateur,Contact
,5251,R5251JF23,jeremy.felix,Jeremy,Felix,srl.technis@gmail.com,"2023-10-23 19:45:17",0473694459,PLFR,Particulier,Utilisateur,Contact
,5257,,jewel.ed,,,jewel.ed@busmail.net,"2023-10-27 14:08:35",'+32479644008,PLFR,Particulier,Utilisateur,Contact
,5325,R5325JP23,jfpietquin,Jean-François,Pietquin,jfpietquin@gmail.com,"2023-12-02 11:20:50",0478569163,PLFR,Particulier,Utilisateur,Contact
,5271,R5271JG23,joelle.gobert-jacquet,Joelle,Gobert-Jacquet,joelleetchristian@netcourrier.com,"2023-11-05 22:10:17",0474889775,PLFR,Particulier,Utilisateur,Contact
,5327,R5327JE23,john.elleboudt,john,elleboudt,syndic@atlasimmo.be,"2023-12-03 09:07:31",024261972,PLFR,Particulier,Utilisateur,Contact
,5359,,jonas.meersman,,,jonas.meersman@imtech.be,"2023-12-23 20:47:51",,PLFR,Particulier,Utilisateur,Contact
,5254,,jonathanduquesnoy940,Jonathan,Duquesnoy,jonathanduquesnoy940@gmail.com,"2023-10-26 10:24:09",0486482790,PLFR,Particulier,Utilisateur,Contact
,5322,,jose.debarsy,José,Debarsy,jose.debarsy@gmail.com,"2023-11-29 08:46:19",32495622539,PLFR,Particulier,Utilisateur,Contact
,5318,R5318JG23,jose.geurden,Jose,Geurden,jose.geurden@skynet.be,"2023-11-27 20:19:42",0477936957,PLFR,Particulier,Utilisateur,Contact
,5178,R5178JI23,jose.imbrechts,José,Imbrechts,jose.imbrechts@gmail.com,"2023-09-13 16:29:35",0495403863,PLFR,Particulier,Utilisateur,Contact
,5199,R5199JV23,josephine.valet,Joséphine,Valet,valet.josephine@gmail.com,"2023-09-22 18:02:58",0475321754,PLFR,Particulier,Utilisateur,Contact
,5196,R5196JD23,julie.degimbe,Julie,Degimbe,degimbejulie@hotmail.com,"2023-09-20 19:26:58",0472704755,PLFR,Particulier,Utilisateur,Contact
,5234,R5234JR23,julien.roelants,Julien,Roelants,julien.roelants@gmail.com,"2023-10-15 19:25:04",0477808177,PLFR,Particulier,Utilisateur,Contact
__import__.contactsfr_emh_231002_02108,5157,,k.moussaoui,Karim,Moussaoui,k.moussaoui@hotmail.com,"2023-12-27 12:39:12",0476709742,PLFR,Particulier,Utilisateur,Contact
,5331,R5331KD23,"katrin.de deckere",Katrin,"De Deckere",katrin.dedeckere@gmail.com,"2023-12-04 13:56:54",0032494796399,PLFR,Particulier,Utilisateur,Contact
,5280,,killian.mathelart,Killian,Mathelart,k-3--@hotmail.com,"2023-11-08 19:17:18",0472032958,PLFR,Particulier,Utilisateur,Contact
,5366,R5366LV23,"laurence.van dam",Laurence,"Van Dam",laurence.vandam@gmail.com,"2023-12-29 12:23:50",0473321110,PLFR,Particulier,Utilisateur,Contact
,5200,R5200LL23,laurens.lindemans,Laurens,Lindemans,laurens.lindemans@gmail.com,"2023-09-23 05:47:41",0489569333,PLFR,Particulier,Utilisateur,Contact
__import__.contactsfr_emh_231002_02229,1093,MLAU,laurent.marechal,LAURENT,MARECHAL,laurent.marechal@hotmail.com,"2023-12-27 12:39:13",0497766949,PLFR,Particulier,Utilisateur,Contact
,5344,R5344LD23,leah.dahmani,Leah,Dahmani,leah.dahmani@gmail.com,"2023-12-15 06:55:01",0498496221,PLFR,Particulier,Utilisateur,Contact
,5293,R5293SL23,lemoine.sivan,Sivan,Lemoine,lemoine.sivan@gmail.com,"2023-11-17 10:00:20",0478675444,PLFR,Particulier,Utilisateur,Contact
,5233,R5233LM23,lena.mabille,Léna,Mabille,lenamabille@gmail.com,"2023-10-15 15:40:53",0494910346,PLFR,Particulier,Utilisateur,Contact
,5319,R5319LR23,liliane.rubin,Liliane,Rubin,rubinli78@hotmail.com,"2023-11-28 12:54:00",32492826738,PLFR,Particulier,Utilisateur,Contact
,5185,R5185LP23,luc.puttevils,Luc,Puttevils,luc.puttevils@skynet.be,"2023-09-17 10:24:42",010411519,PLFR,Particulier,Utilisateur,Contact
,5278,,lydie.haurine,Lydie,Haurine,lydiehaurine@gmail.com,"2023-11-08 15:35:42",0494254806,PLFR,Particulier,Utilisateur,Contact
,5274,,maenaeliza,,,maenaeliza@gmail.com,"2023-11-07 11:15:04",,PLFR,Particulier,Utilisateur,Contact
,5301,,magali.gonzalez,Magali,Gonzalez,g_magali00@hotmail.com,"2023-11-21 14:29:22",0471598501,PLFR,Particulier,Utilisateur,Contact
,5342,R5342MC23,mahalia.carette,Mahalia,Carette,info@damedepic.be,"2023-12-12 16:49:31",32476217290,PLFR,Particulier,Utilisateur,Contact
,5317,R5317MM23,majid.mkahli,Majid,Mkahli,majid.siana@gmail.com,"2023-11-27 19:43:32",0493708251,PLFR,Particulier,Utilisateur,Contact
,5349,R5349MQ23,marc.quoilin,Marc,Quoilin,Quoilinmarc@libe.be,"2023-12-20 07:12:21",0474079582,PLFR,Particulier,Utilisateur,Contact
,5237,R5237MR23,marc.rousseaux,Marc,Rousseaux,mariemia@hotmail.be,"2023-10-17 08:33:07","0477 944 414",PLFR,Particulier,Utilisateur,Contact
,5304,,marco.profili,Marco,PROFILI,marco.profili@arcelormittal.com,"2023-11-22 10:33:38",32478804931,PLFR,Particulier,Utilisateur,Contact
,5361,R5361MB23,marie-eve.blanpain,Marie-Eve,Blanpain,25marieeve@gmail.com,"2023-12-25 15:21:31",0475553399,PLFR,Particulier,Utilisateur,Contact
,5252,R5252MC23,marie-france.charlot,Marie-France,Charlot,mariefrancecharlot@hotmail.com,"2023-10-24 11:06:01",0498420954,PLFR,Particulier,Utilisateur,Contact
__import__.contactsfr_emh_231002_02545,3736,R00028,marie-lise.donisi,Marie-lise,Donisi,marie-lise.donisi@skynet.be,"2023-12-27 12:39:16",0477221758,PLFR,Particulier,Utilisateur,Contact
,5192,,marie.bailly,,,marie.bailly@voot.be,"2023-09-19 13:44:35",,PLFR,Particulier,Utilisateur,Contact
,5329,,"marie.de ro",Marie,"De Ro",rubie2018corey2014@hotmail.com,"2023-12-03 19:00:30",0490462826,PLFR,Particulier,Utilisateur,Contact
,5221,,massart.sabrina,Massart,Sabrina,massartsabrina77@gmail.com,"2023-10-09 17:31:54",0470398972,PLFR,Particulier,Utilisateur,Contact
,5201,R5201MR23,mathilde.remy,Mathilde,Remy,mathremy@hotmail.com,"2023-09-23 08:35:20",0495437073,PLFR,Particulier,Utilisateur,Contact
,5265,,matteo.gurgoglione,Matteo,Gurgoglione,matteocravotta24@gmail.com,"2023-11-01 19:53:58",0485227164,PLFR,Particulier,Utilisateur,Contact
,5277,R5277MV23,mauro.vitturini,Mauro,VITTURINI,info@collectivevoid.com,"2023-11-07 12:17:49",0489906733,PLFR,Particulier,Utilisateur,Contact
,5231,R5231MD23,mehmet,Mehmet,Demir,mehmet@demirimmo.be,"2023-10-15 14:08:19",0475236271,PLFR,Particulier,Utilisateur,Contact
,5242,R5242MR23,mia.raiff,Mia,Raiff,miaraiff@hotmail.com,"2023-10-20 05:57:08",0472785015,PLFR,Particulier,Utilisateur,Contact
,5179,R5179MS23,michel.sinecharles,Michel,Sinecharles,pascaleetmichel@hotmail.com,"2023-09-13 21:50:25",0479632993,PLFR,Particulier,Utilisateur,Contact
,5232,R5232MW23,mike.waltzing,Mike,Waltzing,mikewaltzing@gmail.com,"2023-10-15 14:12:21",0489394336,PLFR,Particulier,Utilisateur,Contact
,5217,R5217MB23,miles.bradley,MILES,BRADLEY,milesbradley2@gmail.com,"2023-10-05 18:52:15",0485664000,PLFR,Particulier,Utilisateur,Contact
,5216,,mohammed.lahdaouni,MOHAMMED,LAHDAOUNI,molahdaouni@yahoo.fr,"2023-10-04 14:38:11",33485574510,PLFR,Particulier,Utilisateur,Contact
,5363,R5363MV23,"monique.van engeland",Monique,"Van Engeland",vanengelandmonique@hotmail.com,"2023-12-27 08:22:02",32487496848,PLFR,Particulier,Utilisateur,Contact
,5183,R5183MC23,myriam.coulonvaux,Myriam,Coulonvaux,mcoulonvaux@yahoo.com,"2023-09-16 15:17:10",0496865372,PLFR,Particulier,Utilisateur,Contact
,5176,,nancy.frieri,Nancy,Frieri,frierinancy171273@outlook.be,"2023-09-13 11:48:04",0495705925,PLFR,Particulier,Utilisateur,Contact
,5279,,nathalie.blot,Nathalie,Blot,blot945@gmail.com,"2023-11-08 17:50:58",0460962032,PLFR,Particulier,Utilisateur,Contact
,5241,,nathalie.closquet,Nathalie,CLOSQUET,nathalieclosquet@hotmail.com,"2023-10-18 16:56:22",0497673547,PLFR,Particulier,Utilisateur,Contact
,5256,,nathan.petit,,,nathan.petit@gmail.com,"2023-10-27 12:02:23",,PLFR,Particulier,Utilisateur,Contact
__import__.contactsfr_emh_231002_02959,914,NANI,nicolas.nachtergaele,Nicolas,Nachtergaele,sitesref@gmail.com,"2023-12-27 12:39:20",0478932524,PLFR,Particulier,Utilisateur,Contact
,5313,,nicolas.plumier,Nicolas,Plumier,chassisnico@gmail.com,"2023-11-27 11:27:41",0471137262,PLFR,Particulier,Utilisateur,Contact
,5186,R5186NR23,nicolasramon.nr,Nicolas,Ramon,nicolasramon.nr@gmail.com,"2023-09-18 07:57:32",0478633196,PLFR,Particulier,Utilisateur,Contact
,5316,R5316NB23,nicoshadow88,Nicolas,Brennet,nicoshadow88@gmail.com,"2023-11-27 19:01:44",0496709712,PLFR,Particulier,Utilisateur,Contact
,5296,R5296OJ23,ousama1998,Ousama,"JEBBOUR KATAI",ousama1998@outlook.be,"2023-11-19 16:20:00",0465635473,PLFR,Particulier,Utilisateur,Contact
,5259,,patrick.bouchon,PATRICK,BOUCHON,bouchon252@gmail.com,"2023-10-29 20:29:10",32456016933,PLFR,Particulier,Utilisateur,Contact
__import__.contactsfr_emh_231002_03138,5173,,patrick.marmenout,patrick,marmenout,patrick.marmenout@gmail.com,"2023-09-12 00:00:00",0471263087,PLFR,Particulier,Utilisateur,Contact
,5203,R5203PC23,"paul henri.coen","Paul Henri",COEN,paul.henri.coen@gmail.com,"2023-09-23 16:02:46",0479550154,PLFR,Particulier,Utilisateur,Contact
__import__.contactsfr_emh_231002_03156,575,HAIP,paul.haine,Paul,Haine,hainepaul@yahoo.com,"2023-12-27 12:39:21",0476240523,PLFR,Particulier,Utilisateur,Contact
,5222,R5222PB23,pebrysse,Pierre-Emmanuel,Brysse,pebrysse@hotmail.com,"2023-10-10 14:36:15",32473921901,PLFR,Particulier,Utilisateur,Contact
,5180,,phild,,,phild@skynet.be,"2023-09-14 08:24:35",,PLFR,Particulier,Utilisateur,Contact
__import__.contactsfr_emh_231002_03184,5092,,philippe.couche,Philippe,Couché,couchephilippe26@gmail.com,"2023-12-27 12:39:22",0494107475,PLFR,Particulier,Utilisateur,Contact
,5181,R5181PD23,philippe.dufour.be,Philippe,Dufour,philippe.dufour.be@gmail.com,"2023-09-14 08:25:13",0475625653,PLFR,Particulier,Utilisateur,Contact
,5310,R5310PL23,philippe.leroy,Philippe,Leroy,philippeleroy96@gmail.com,"2023-11-24 19:23:57",0470828037,PLFR,Particulier,Utilisateur,Contact
,5226,R5226PS23,pierre.seeger,Pierre,SEEGER,cgpr62@gmail.com,"2023-10-12 11:06:05","0032 485 59 86 71",PLFR,Particulier,Utilisateur,Contact
,5238,,pietraszekjulie,,,pietraszekjulie@gmail.com,"2023-10-18 13:04:31",,PLFR,Particulier,Utilisateur,Contact
,5264,R5264LM23,piout82,Laurent,Moreau,piout82@hotmail.fr,"2023-11-01 14:12:43",0471276958,PLFR,Particulier,Utilisateur,Contact
,5370,,piscigaume2010,Gabriel,"Van Gucht",piscigaume2010@hotmail.com,"2023-12-30 17:15:36",0477290165,PLFR,Particulier,Utilisateur,Contact
,5273,R5273QP23,quentin.provost,Quentin,Provost,quentinpde@gmail.com,"2023-11-06 13:45:35",0472336895,PLFR,Particulier,Utilisateur,Contact
,5175,,rabarisonoliva7,,,rabarisonoliva7@gmail.com,"2023-09-13 08:53:12",,PLFR,Particulier,Utilisateur,Contact
,5289,,rabarisonsoa,,,rabarisonsoa@gmail.com,"2023-11-16 11:45:05",,PLFR,Particulier,Utilisateur,Contact
,5275,,randrianarijaonaharena,,,randrianarijaonaharena@gmail.com,"2023-11-07 11:15:41",,PLFR,Particulier,Utilisateur,Contact
,5182,R5182DD23,rebebe777,David,Denieul,rebebe777@hotmail.com,"2023-09-16 14:21:56",0476891927,PLFR,Particulier,Utilisateur,Contact
,5324,R5324RK23,richard.king,Richard,King,lakingfamily@gmail.com,"2023-12-01 14:29:06",0474975935,PLFR,Particulier,Utilisateur,Contact
,5267,R5267RN23,romain.neulens,Romain,Neulens,neulensromain@gmail.com,"2023-11-03 14:20:24",0479736656,PLFR,Particulier,Utilisateur,Contact
,5367,R5367RD23,rudi-1968,rudi,dauvin,rudi-1968@hotmail.com,"2023-12-29 19:51:46",0498047504,PLFR,Particulier,Utilisateur,Contact
,5356,R5356RN23,rudy.neirynck,Rudy,Neirynck,rudy.neirynck2@telenet.be,"2023-12-22 13:37:59",0496545530,PLFR,Particulier,Utilisateur,Contact
,5272,R5272SG23,sandrine.geonet,sandrine,geonet,sandrinegeonet1977@gmail.com,"2023-11-06 09:54:57",0498596492,PLFR,Particulier,Utilisateur,Contact
__import__.contactsfr_emh_231002_03555,4943,,sebastien-3346,,,sebastien@kindlingpellets.com,"2023-12-27 12:39:34",,PLFR,Particulier,Utilisateur,Contact
__import__.contactsfr_emh_231002_03553,2143,R2143SP21,sebastien-7269,Sebastien,placetobeauty,sebastien@theplacetobeauty.com,"2023-12-27 12:39:25",470123456,PLFR,Particulier,Utilisateur,Contact
,5258,R5258SB23,sebastien.buve,Sébastien,Buvé,buvseb@gmail.com,"2023-10-28 13:42:49",0033682254322,PLFR,Particulier,Utilisateur,Contact
,5235,,sebastien.delcourt,Sébastien,Delcourt,margauxdelanaye@hotmail.com,"2023-10-16 16:41:00",0473227626,PLFR,Particulier,Utilisateur,Contact
,5330,R5330SL23,sebastien.lenaers,Sebastien,Lenaers,sebastien.lenaers@distec.be,"2023-12-04 10:01:08","32 478 93 57 22",PLFR,Particulier,Utilisateur,Contact
,5343,,sebastien.lievens,Sebastien,Lievens,sebastien@keeble.be,"2023-12-14 11:30:34",0123456789,PLFR,Particulier,Utilisateur,Contact
,5260,R5260SB23,serge.bata,Serge,Bataboudila,serge.bata@telenet.be,"2023-10-30 11:40:53",0478550215,PLFR,Particulier,Utilisateur,Contact
,5286,R5286ST23,simonne.trn,simonne,Trn,sandrine@inserelecgreen.be,"2023-11-14 08:48:18",0472524529,PLFR,Particulier,Utilisateur,Contact
__import__.contactsfr_emh_231002_03648,2941,STFC,"stefania.cao co grollet",Stefania,"Cao (c/o GROLLET)",namastefi@gmail.com,"2023-12-27 12:39:26",0475291861,PLFR,Particulier,Utilisateur,Contact
,5346,,stephanie.dodergnies,Stéphanie,Dodergnies,stephanie.dodergnies@hotmail.fr,"2023-12-16 12:36:16",0477162278,PLFR,Particulier,Utilisateur,Contact
__import__.contactsfr_emh_231002_03657,1960,R1960SM21,stephisa.mottet,stephane,mottet,stephisa.mottet@gmail.com,"2023-12-27 12:39:26",0476836018,PLFR,Particulier,Utilisateur,Contact
,5334,R5334SG23,steve.george,Steve,George,arnould.sylvie@gmail.com,"2023-12-05 17:45:28",0495885251,PLFR,Particulier,Utilisateur,Contact
__import__.contactsfr_emh_231002_01228,3690,,stevenmagoo,Fabrice,David,stevenmagoo@hotmail.com,"2023-12-27 12:39:04",0032474787827,PLFR,Particulier,Utilisateur,Contact
,5245,R5245TP23,thibaud.peers,thibaud,Peers,thibaud.peers@gmail.com,"2023-10-21 14:13:30",0493595456,PLFR,Particulier,Utilisateur,Contact
,5284,R5284TA23,thibaut.andre,Thibaut,André,thibaut.andre@hotmail.com,"2023-11-13 13:11:05",0470522028,PLFR,Particulier,Utilisateur,Contact
,5220,R5220TB23,thierry.bequet,Thierry,Bequet,bequet_thierry@hotmail.com,"2023-10-09 13:59:01",32486534298,PLFR,Particulier,Utilisateur,Contact
,5223,R5223TI23,thierryiokem,Thierry,Iokem,thierryiokem@hotmail.com,"2023-10-10 19:56:48","0474 20 69 93",PLFR,Particulier,Utilisateur,Contact
__import__.contactsfr_emh_231002_03800,773,MIOT,thierrymiot,THIERRY,MIOT,thierrymiot@hotmail.com,"2023-12-27 12:39:28",0474929032,PLFR,Particulier,Utilisateur,Contact
,5250,R5250TM23,thomas.p.menu,Thomas,Menu,thomas.p.menu@gmail.com,"2023-10-23 18:05:58",0495684877,PLFR,Particulier,Utilisateur,Contact
,5312,R5312TR23,thomas.rigot,Thomas,Rigot,thomas.rigot@outlook.com,"2023-11-27 10:09:21",32496070413,PLFR,Particulier,Utilisateur,Contact
,5326,,thomas.staelens,Thomas,Staelens,thomasstaelens321@gmail.com,"2023-12-02 18:01:41",0479825102,PLFR,Particulier,Utilisateur,Contact
,5291,,thomas.vindevogel,Thomas,Vindevogel,vidalocars.tf@gmail.com,"2023-11-16 13:54:38",0032455126833,PLFR,Particulier,Utilisateur,Contact
,5333,,tiagonoemie,,,tiagonoemie@gmail.com,"2023-12-05 14:41:49",,PLFR,Particulier,Utilisateur,Contact
,5190,,tielemans.david,tielemans,david,tielemansdavid@gmail.com,"2023-09-18 17:21:17",0483281077,PLFR,Particulier,Utilisateur,Contact
,5323,R5323TC23,tine.cosard,Tine,Cosard,tine.cosard@gmail.com,"2023-12-01 10:25:50",0470386573,PLFR,Particulier,Utilisateur,Contact
,5270,,tosetti.dominique,Dominique,TOSETTI,tosetti.dominique@hotmail.be,"2023-11-05 10:30:25",32494640631,PLFR,Particulier,Utilisateur,Contact
,5350,,tourbachroland,,,tourbachroland@gmail.com,"2023-12-20 10:41:16",,PLFR,Particulier,Utilisateur,Contact
,5360,R5360VM23,valentin.meca,Valentin,Meca,mekka_v@yahoo.com,"2023-12-25 09:33:09",0488147123,PLFR,Particulier,Utilisateur,Contact
,5225,R5225VN23,vangeluwe.nathalie,Vangeluwe,Nathalie,nathalie.vangeluwe@proximus.com,"2023-10-11 08:27:06",32475529052,PLFR,Particulier,Utilisateur,Contact
,5228,,vdloise,Freddy,Vandeloise,vdloise@gmail.com,"2023-10-12 16:32:15",0475445705,PLFR,Particulier,Utilisateur,Contact
,5303,R5303VD23,vincent.dujardin-8977,Vincent,Dujardin,vincent.dujardin@outlook.com,"2023-11-21 17:07:55",0472956075,PLFR,Particulier,Utilisateur,Contact
,5187,R5187VH23,virginie.himblot,Virginie,Himblot,himblotvirginie@hotmail.com,"2023-09-18 11:47:40",0498242676,PLFR,Particulier,Utilisateur,Contact
,5239,R5239WM23,wesley.michiels,Wesley,Michiels,wesley.michiels95@gmail.com,"2023-10-18 13:15:45",0460968536,PLFR,Particulier,Utilisateur,Contact
,5347,R5347TY23,yildirim.talet,Talet,Yildirim,yildirim.talet@gmail.com,"2023-12-18 13:32:35",0485818340,PLFR,Particulier,Utilisateur,Contact
